{"eval_loss": 2.221219778060913, "eval_accuracy": 0.3459409475326538, "eval_runtime": 197.7094, "eval_samples_per_second": 27.414, "eval_steps_per_second": 6.853}