{"eval_loss": 1.7353016138076782, "eval_accuracy": 0.48948338627815247, "eval_runtime": 184.7646, "eval_samples_per_second": 29.335, "eval_steps_per_second": 7.334}